very.bad,less.bad
2153.mp4,2183.mp4
2167.mp4,2177.mp4
2195.mp4,2168.mp4
2063.mp4,2116.mp4
2074.mp4,2115.mp4
2081.mp4,2084.mp4
2089.mp4,2047.mp4
2133.mp4,1868.mp4
2139.mp4,1822.mp4
2016.mp4,1813.mp4
2018.mp4,1765.mp4
2053.mp4,1755.mp4
2055.mp4,1730.mp4
2012.mp4,1705.mp4
2015.mp4,1701.mp4
1974.mp4,1695.mp4
1977.mp4,1630.mp4
1983.mp4,1605.mp4
1991.mp4,1598.mp4
2004.mp4,1530.mp4
2008.mp4,1471.mp4
1955.mp4,1464.mp4
1956.mp4,1462.mp4
1973.mp4,1434.mp4
1934.mp4,1420.mp4
1951.mp4,1406.mp4
1922.mp4,1403.mp4
1925.mp4,1329.mp4
1927.mp4,1315.mp4
1907.mp4,1276.mp4
1917.mp4,1226.mp4
1875.mp4,1222.mp4
1894.mp4,1214.mp4
1903.mp4,1189.mp4
1786.mp4,1174.mp4
1849.mp4,1137.mp4
1853.mp4,1126.mp4
1691.mp4,1111.mp4
1706.mp4,1109.mp4
1728.mp4,1028.mp4
1769.mp4,1026.mp4
1772.mp4,1004.mp4
1675.mp4,0991.mp4
1684.mp4,0965.mp4
1685.mp4,0914.mp4
1513.mp4,0874.mp4
1539.mp4,0856.mp4
1542.mp4,0841.mp4
1561.mp4,0778.mp4
1591.mp4,0776.mp4
1617.mp4,0756.mp4
1645.mp4,0744.mp4
1655.mp4,0695.mp4
1475.mp4,0644.mp4
1490.mp4,0632.mp4
1491.mp4,0558.mp4
1447.mp4,0529.mp4
1472.mp4,0514.mp4
1423.mp4,0513.mp4
1399.mp4,0240.mp4
1394.mp4,0187.mp4
1339.mp4,0186.mp4
1377.mp4,0138.mp4
1385.mp4,0132.mp4
1390.mp4,0213.mp4
1293.mp4,1830.mp4
1307.mp4,1438.mp4
1338.mp4,0887.mp4
1271.mp4,2184.mp4
1182.mp4,2157.mp4
1190.mp4,2170.mp4
1194.mp4,2180.mp4
1224.mp4,1990.mp4
1248.mp4,1998.mp4
1038.mp4,2010.mp4
1044.mp4,2051.mp4
1069.mp4,2110.mp4
1116.mp4,1909.mp4
1118.mp4,1752.mp4
0866.mp4,1782.mp4
0954.mp4,1790.mp4
0989.mp4,1797.mp4
0997.mp4,1889.mp4
0863.mp4,1895.mp4
0850.mp4,1562.mp4
0857.mp4,1610.mp4
0813.mp4,1634.mp4
0826.mp4,1665.mp4
0839.mp4,1441.mp4
0849.mp4,1362.mp4
0732.mp4,1370.mp4
0749.mp4,1373.mp4
0791.mp4,1266.mp4
0792.mp4,1287.mp4
0798.mp4,1309.mp4
0804.mp4,1337.mp4
0655.mp4,1247.mp4
0707.mp4,1199.mp4
0709.mp4,1217.mp4
0646.mp4,1228.mp4
0599.mp4,1184.mp4
0606.mp4,0999.mp4
0526.mp4,1008.mp4
0551.mp4,1051.mp4
0461.mp4,1117.mp4
0508.mp4,1136.mp4
0511.mp4,0926.mp4
0423.mp4,0967.mp4
0417.mp4,0925.mp4
0406.mp4,0905.mp4
0383.mp4,0922.mp4
0376.mp4,0844.mp4
0320.mp4,0854.mp4
0337.mp4,0869.mp4
0355.mp4,0878.mp4
0359.mp4,0777.mp4
0259.mp4,0783.mp4
0271.mp4,0790.mp4
0288.mp4,0832.mp4
0309.mp4,0836.mp4
0162.mp4,0699.mp4
0235.mp4,0760.mp4
0243.mp4,0772.mp4
0248.mp4,0674.mp4
0141.mp4,0692.mp4
0153.mp4,0643.mp4
0081.mp4,0661.mp4
0112.mp4,0667.mp4
0135.mp4,0539.mp4
0051.mp4,0556.mp4
0057.mp4,0565.mp4
0067.mp4,0587.mp4
0010.mp4,0633.mp4
,0641.mp4
,0524.mp4
,0532.mp4
,0522.mp4
,0481.mp4
,0495.mp4
,0501.mp4
,0520.mp4
,0362.mp4
,0382.mp4
,0387.mp4
,0427.mp4
,0444.mp4
,0279.mp4
,0338.mp4
,0345.mp4
,0238.mp4
,0266.mp4
,0181.mp4
,0236.mp4
,0140.mp4
,0166.mp4
,0128.mp4
,0130.mp4
,0089.mp4
,0127.mp4
,0053.mp4
,0062.mp4
,0079.mp4
,0003.mp4
,0018.mp4
,0021.mp4
,0028.mp4
,0044.mp4